<?xml version="1.0" encoding="UTF-8"?>
<project-private xmlns="http://www.netbeans.org/ns/project-private/1">
    <data xmlns="http://www.netbeans.org/ns/make-project-private/1">
        <activeConfTypeElem>1</activeConfTypeElem>
        <activeConfIndexElem>0</activeConfIndexElem>
    </data>
    <editor-bookmarks xmlns="http://www.netbeans.org/ns/editor-bookmarks/2" lastBookmarkId="0"/>
    <open-files xmlns="http://www.netbeans.org/ns/projectui-open-files/2">
        <group name="Exercice">
            <file>file:/D:/S2/INF2/Exercice/INF2_Robin/INF2/INF2_Labo5/FractionImpl.h</file>
            <file>file:/D:/S2/INF2/Exercice/INF2_Robin/INF2/INF2_Labo5/main.cpp</file>
            <file>file:/D:/S2/INF2/Exercice/INF2_Robin/INF2/INF2_Labo5/Fraction.h</file>
        </group>
    </open-files>
</project-private>
